Price,Close,High,Low,Open,Volume
Ticker,ROTO.NS,ROTO.NS,ROTO.NS,ROTO.NS,ROTO.NS
Date,,,,,
2022-04-21,110.01608276367188,113.26261597458056,106.20811401258652,113.23820443816331,244512
2022-04-22,105.62226867675781,111.74918406923877,103.75489425741239,107.64829945085287,142012
2022-04-25,103.9745864868164,109.60109870800923,102.86392500357032,106.67189339732747,56168
2022-04-26,102.03399658203125,107.64830739874589,100.83790576747178,107.64830739874589,65624
2022-04-27,103.68167877197266,104.8899791264559,98.8606942969957,102.0340005336894,63776
2022-04-28,106.57425689697266,114.48310990822429,104.04781577479874,107.35537385956961,534344
2022-04-29,103.14464569091797,109.08849334131567,102.52219250189837,108.38060350200685,75348
2022-05-02,102.27809143066406,106.53764738287634,101.43594187470309,104.96319645629009,64028
2022-05-04,101.83871459960938,106.86717810170093,100.31308672898577,102.52219290590682,239976
2022-05-05,101.02098083496094,104.14546386613382,100.0567810002881,102.5221972331467,26024
2022-05-06,104.12104797363281,105.4391964138299,96.98110953643621,97.18859641678982,135200
2022-05-09,104.99980926513672,106.13487489141313,101.27727732508356,104.96319568674484,108680
2022-05-10,100.66703033447266,107.85579201263106,100.08119070800412,105.75652652254338,159808
2022-05-11,101.27728271484375,102.49778505522353,95.30903073999966,100.58159489095625,98260
2022-05-12,99.70284271240234,101.6556465264831,96.66378879699704,101.30169785543882,109444
2022-05-13,100.92333221435547,104.73129320628075,100.19103087754608,102.14383444237112,61912
2022-05-16,105.26832580566406,106.62308041020364,101.54579370471014,101.54579370471014,137404
2022-05-17,106.78174591064453,108.86880179948015,106.24472193547923,106.48882238794444,57164
2022-05-18,106.31795501708984,109.22275652280807,105.20730087621291,107.26995279424726,46796
2022-05-19,113.09174346923828,118.66944063439357,102.74188515026673,106.13488015433231,825756
2022-05-20,118.1202163696289,118.64503089215285,114.05594501932497,114.9102966674098,360384
2022-05-23,114.44650268554688,122.52622943845907,112.07872523294995,121.31792917617771,271448
2022-05-24,117.88832092285156,118.38872388944644,110.05269461473063,115.70361881154146,214924
2022-05-25,112.88426208496094,120.25609159735167,111.94447381261597,120.25609159735167,169780
2022-05-26,114.81266021728516,116.680027366225,108.60030013195636,110.63854059360143,181968
2022-05-27,118.48635864257812,119.60922221858269,111.92005793310237,111.92005793310237,259464
2022-05-30,118.80370330810547,121.58644721322793,116.63120313674035,121.58644721322793,323912
2022-05-31,118.1080093383789,120.09742660218228,117.21704414715646,120.02419944375218,115828
2022-06-01,121.13484954833984,122.29432669766904,115.66700090242676,116.6434027123882,497400
2022-06-02,120.56121063232422,122.05022486555491,117.5831896152174,119.60922036824381,302952
2022-06-03,119.86553192138672,124.95502817286763,117.16822472770961,121.53762161830943,212756
2022-06-06,118.1202163696289,120.52460749768154,117.41232649394395,118.88913136303422,64444
2022-06-07,113.73861694335938,118.38872791577293,111.06571381789007,118.38872791577293,83860
2022-06-08,115.28864288330078,117.16821938230042,111.06570795613895,113.67758582627796,108036
2022-06-09,119.48716735839844,120.3415189125443,114.21459627722746,114.88587249834205,99912
2022-06-10,118.73046112060547,119.8045016444806,115.6181802853185,117.86390747562042,105776
2022-06-13,115.7646484375,118.14462803110173,112.90866994543583,117.16822614654717,118456
2022-06-14,115.26424407958984,116.6922258592716,111.38304067519347,113.32364237739166,64024
2022-06-15,113.95830535888672,118.43755045162041,112.77441659523456,116.97294763869529,213860
2022-06-16,111.77359771728516,116.22843105541706,111.06570788219268,115.41069303498492,80808
2022-06-17,110.05268859863281,112.56692023621439,106.97702146038573,110.33340262428831,69644
2022-06-20,104.74351501464844,109.84521343777632,97.50593744134156,109.84521343777632,198724
2022-06-21,115.6303939819336,117.14381240489728,103.38874962523631,106.35457625323762,350064
2022-06-22,116.17961883544922,117.16822273503408,112.75000284619617,113.50671577456426,78772
2022-06-23,115.22762298583984,117.16822468695966,114.23901906978567,117.15602264329681,40696
2022-06-24,111.93226623535156,117.168224235623,103.9867990091154,103.9867990091154,43012
2022-06-27,114.58075714111328,118.27887770761085,113.75081704737681,117.14381203166576,22488
2022-06-28,115.70361328125,117.16821598101265,112.55471896663119,113.7263981466995,19200
2022-06-29,122.3675537109375,123.39277858994296,113.82403788374066,114.72721253664331,1386304
2022-06-30,116.22843933105469,121.56203618359974,115.03234849703088,121.56203618359974,240424
2022-07-01,115.1788101196289,118.52298214302768,113.82404801963499,115.4595241747917,38060
2022-07-04,112.90866088867188,115.94771449031784,111.82241834884903,115.94771449031784,62780
2022-07-05,109.36920928955078,114.93470430651308,106.96482569239477,113.51891715380249,81900
2022-07-06,109.9062271118164,111.10231782149664,108.89321173880217,109.11290065293045,48444
2022-07-07,112.6401596069336,114.70280401260463,110.28458422182963,112.04211050358863,43440
2022-07-08,111.52950286865234,115.80126107892627,111.0657134671222,113.51892020242317,36948
2022-07-11,112.12754821777344,113.98271321070756,111.06570972285974,113.98271321070756,46808
2022-07-12,112.22518157958984,113.50670893857374,111.55390534393162,112.31061822672635,25156
2022-07-13,111.92005920410156,113.32363682770807,110.34560828135758,112.04210943224126,19456
2022-07-14,111.38304138183594,113.26261797890027,108.62470905304012,112.24960251917553,55644
2022-07-15,111.06570434570312,112.28620659126031,109.35700120192308,111.33421632959661,19540
2022-07-18,113.45789337158203,114.99573077366782,108.57588406214468,112.2740120735275,58600
2022-07-19,114.77603912353516,115.94771835028025,111.84683360731755,112.4448752639324,97412
2022-07-20,114.54414367675781,115.92330981986214,113.75081716221446,115.70362089032115,60800
2022-07-21,113.87286376953125,115.53274390582965,113.49451103899926,113.49451103899926,30140
2022-07-22,116.41150665283203,120.26829834965125,112.96968871336554,113.3480488919765,331192
2022-07-25,117.32688903808594,118.4131391058326,114.33665829020812,114.33665829020812,259432
2022-07-26,113.5433349609375,118.4009329451524,112.43268077449416,118.12021888752605,49616
2022-07-27,115.03234100341797,116.87529648431436,112.01769885276778,113.5433267175346,72540
2022-07-28,114.56855010986328,119.60922301863481,113.53112317551798,115.81346392094858,101640
2022-07-29,113.61656951904297,116.54577523065885,112.77441989721126,114.72722370495518,72144
2022-08-01,114.28783416748047,115.81346198662477,110.38222695047104,115.81346198662477,68464
2022-08-02,111.04129791259766,115.33746750421285,109.83300510359501,113.01851313111229,93788
2022-08-03,113.34805297851562,114.58075735317794,110.04048719163947,111.55391306193731,62000
2022-08-04,110.16253662109375,114.48311782138703,108.61250463139692,112.40826387366467,95532
2022-08-05,110.71176147460938,112.51811085149426,110.08930827673345,111.55391104759909,33964
2022-08-08,109.84520721435547,112.93307654951026,108.62470491197374,111.07791156001906,60336
2022-08-10,112.22518157958984,113.26260848924348,110.34560514000499,112.28620669192242,63964
2022-08-11,113.3846664428711,114.33665677028145,110.4554608512361,110.4554608512361,31020
2022-08-12,111.93226623535156,114.58075779388197,111.19996483387892,113.4456921114704,32648
2022-08-16,108.83219146728516,111.92006079319144,107.69712581934077,111.79801056331883,86400
2022-08-17,108.17312622070312,111.06571839853609,106.25693596285728,108.86881407856504,70780
2022-08-18,107.7337417602539,109.11290789817868,105.71991292320698,107.40420464250249,76064
2022-08-19,106.8427734375,108.57588072967273,106.18369922121262,108.57588072967273,57992
2022-08-22,106.40338134765625,108.6246968632704,105.81754177579262,108.6246968632704,26772
2022-08-23,106.76953125,108.51484791076946,105.74431386888678,107.35537081768673,24824
2022-08-24,108.62470245361328,112.33503234862465,106.72072188473004,106.72072188473004,63400
2022-08-25,106.57425689697266,110.50427559264827,105.93959424343143,110.50427559264827,48732
2022-08-26,106.2325210571289,109.11290344805147,105.6954970760767,108.3806020826283,44508
2022-08-29,106.37897491455078,107.41640184445153,105.20729571464005,106.01282423340935,18992
2022-08-30,106.58646392822266,110.333407463594,106.18369966075971,108.06327617472658,43268
2022-09-01,108.07547760009766,109.72315568886255,106.18369905373795,107.39199929857413,70732
2022-09-02,112.05430603027344,114.23900798755497,106.6963057449142,109.60109954361577,134704
2022-09-05,114.03152465820312,115.77684140007517,113.0307113151649,113.5067101762912,89372
2022-09-06,112.07872772216797,115.15439509044842,111.06571227589619,114.72721927400266,33864
2022-09-07,113.97051239013672,115.5815770447284,111.48069196881814,111.79801961243001,73416
2022-09-08,112.59133911132812,114.11696701256564,111.81021464615253,111.81021464615253,32616
2022-09-09,111.37084197998047,114.48312304353061,110.82161590994221,112.59134435784327,39772
2022-09-12,113.4945068359375,114.23901022625999,111.79800573424589,111.79800573424589,21028
2022-09-13,120.7931137084961,123.75893279750012,113.09173975217485,113.49451146928372,597652
2022-09-14,118.02257537841797,121.68408237050953,116.43592234851162,118.19344868445759,207652
2022-09-15,116.91191864013672,119.24307506024186,115.45951791912877,119.24307506024186,74652
2022-09-16,113.33584594726562,117.58320011120797,112.53031737098978,115.28864971943031,59796
2022-09-19,112.32283020019531,114.97132179945942,111.65155390518785,113.33584566460826,34932
2022-09-20,112.34723663330078,115.21541703621504,111.5539101388777,112.28621151834517,41736
2022-09-21,112.24837493896484,115.10309431207504,111.32151946901395,112.21130222872063,72020
2022-09-22,115.9063720703125,116.66021152172438,111.7169822199564,111.7169822199564,63576
2022-09-23,111.6304702758789,115.4367551959319,110.41938064805782,114.68291577101024,69416
2022-09-26,108.4544448852539,111.22265623532977,107.7623958191195,110.23401040212683,52148
2022-09-27,109.81383514404297,111.95178783613359,107.45344618627112,108.75104386879653,18960
2022-09-28,110.50588989257812,111.22265661554671,107.51523472836182,108.50388056494445,40036
2022-09-29,108.41737365722656,112.47082012021906,107.57702619606958,109.98685044744622,107928
2022-09-30,107.10741424560547,109.62845647180283,105.67387333163246,108.00955201590308,115404
2022-10-03,103.59772491455078,107.132138334046,103.26405543350215,106.30414593078287,124024
2022-10-04,103.42471313476562,106.31649761227452,103.053970954872,105.52558548749616,163680
2022-10-06,103.78309631347656,107.02091297199135,103.27641833383464,104.30213689187148,118540
2022-10-07,103.95611572265625,106.25471437504717,103.49886549490101,104.0549788020378,65516
2022-10-10,103.78309631347656,108.75104320479491,103.06632958272608,103.06632958272608,181628
2022-10-11,103.72130584716797,108.50388163746426,102.33720015371709,103.31349094410037,67344
2022-10-12,104.05496978759766,105.52558342284344,101.95409747597158,103.16518706470815,65872
2022-10-13,101.59571075439453,104.52457543821238,100.10038700269637,104.52457543821238,66212
2022-10-14,101.99117279052734,104.3021339009142,101.08903498927467,103.74602062774582,56724
2022-10-17,101.7563705444336,102.040604699364,99.53191752586199,100.84187017524665,26648
2022-10-18,101.64514923095703,102.58435975081629,100.65650340257082,101.97881870659118,26516
2022-10-19,101.97882080078125,103.28877353318593,101.33619949057982,101.33619949057982,15292
2022-10-20,101.34855651855469,102.79445260894889,100.82952347210956,101.08903999533212,45960
2022-10-21,100.92838287353516,102.89331193879227,100.59471339671214,102.89331193879227,61916
2022-10-24,101.81816101074219,103.80780764006934,101.03959641922665,103.6842269166883,28984
2022-10-25,101.08903503417969,102.53493105361358,100.8048008696545,101.48449487049557,14820
2022-10-27,101.99117279052734,103.30113302631871,101.10139004490414,103.30113302631871,33560
2022-10-28,101.9046630859375,106.03226232890208,101.83051766785002,106.03226232890208,20040
2022-10-31,102.17654418945312,103.28877073914116,101.36091440345618,101.83051966032622,35976
2022-11-01,101.3732681274414,103.79545488504901,100.80479980439833,103.12811594689502,26732
2022-11-02,101.86759948730469,103.27642289911442,101.49685727817261,103.27642289911442,63852
2022-11-03,102.59672546386719,103.3134922026523,101.84287847117669,102.05296722464024,95840
2022-11-04,102.44842529296875,103.79545826869325,101.3485537775409,102.59672367770058,30676
2022-11-07,104.8088150024414,106.1434929322011,102.51021642166722,103.7460237323564,97712
2022-11-09,109.33187103271484,109.9868473793414,102.57200373579029,105.04361828364065,779692
2022-11-10,104.09204864501953,112.40903036730444,102.76973330927437,112.40903036730444,139696
2022-11-11,105.17955780029297,107.30514789545155,104.56165414139625,107.26807518447161,26896
2022-11-14,105.21663665771484,107.35458178057104,103.31349039646182,103.31349039646182,49980
2022-11-15,105.31549835205078,107.25571729834562,104.6110866909413,106.24235381593981,32456
2022-11-16,103.9437484741211,106.21763691203319,103.80781268889805,103.83253034333018,21576
2022-11-17,105.34021759033203,105.5379437418273,103.80781351655145,104.4257171684357,15456
2022-11-18,104.31449127197266,106.93440425893961,103.93139402572747,104.75938642604393,38508
2022-11-21,107.13214111328125,109.24536864346219,103.56065489052185,103.56065489052185,66100
2022-11-22,105.34021759033203,108.18257438899951,105.04362082031993,107.51523542785687,36652
2022-11-23,108.47915649414062,109.20828577260137,106.13112277113859,107.25571186939551,50276
2022-11-24,106.27942657470703,109.72733191906387,106.03226511755655,109.14650098620643,35064
2022-11-25,106.93440246582031,108.61510489284714,105.79745825928403,108.23200011025685,38648
2022-11-28,110.34523010253906,110.72832732506069,108.73868071054599,108.73868071054599,174744
2022-11-29,112.02593231201172,114.36161113794127,110.33287479388859,110.35759244856753,172200
2022-11-30,115.14016723632812,116.26474885818445,111.60575384535124,112.37195587715527,383100
2022-12-01,115.07837677001953,116.66020859839307,114.38632015945232,116.06702260559913,64616
2022-12-02,116.02995300292969,116.78379245564145,115.127807619586,116.38833260226424,51920
2022-12-05,117.5129165649414,118.39033671135218,115.94343982023503,116.52427074689254,113100
2022-12-06,116.27711486816406,119.37898825392752,116.1906068463827,118.13082586589586,74624
2022-12-07,115.26374816894531,118.06903224337337,114.99186905488826,116.59841854195278,45320
2022-12-08,114.05265808105469,116.26474860972701,113.19994803182955,116.14116788043461,46192
2022-12-09,114.08972930908203,116.16588402566782,111.77876819278356,115.41204460388546,48116
2022-12-12,113.22467041015625,116.02995459068828,112.70562981691918,115.6715674436802,42568
2022-12-13,112.31016540527344,116.15353061647632,110.79012394173212,116.15353061647632,32160
2022-12-14,112.6191177368164,114.93007889629575,111.16086663141724,114.93007889629575,28484
2022-12-15,113.43475341796875,116.12881178384437,112.07536540793555,112.13715577202797,46216
2022-12-16,112.6191177368164,115.18959541217971,112.21130283638338,114.83121582085278,34708
2022-12-19,114.48519134521484,115.07837734095173,111.09907632444771,113.47182785016439,50272
2022-12-20,114.13916015625,115.56033856302092,112.7179817494791,112.95278815553155,45036
2022-12-21,110.91370391845703,114.55933541215562,108.56567007505795,114.55933541215562,53744
2022-12-22,111.03728485107422,111.43274469187449,107.51523407950425,110.91370412224721,49972
2022-12-23,108.33086395263672,110.97549456859505,106.66252411224023,110.97549456859505,74768
2022-12-26,108.33086395263672,109.5666712418193,106.7737497853743,106.7737497853743,30560
2022-12-27,113.0022201538086,114.34924555683271,107.09505534976147,109.92505702438268,64488
2022-12-28,113.26173400878906,114.23802474948573,111.3462327789623,111.98885405494183,36796
2022-12-29,114.57169342041016,117.15453373181634,113.12580489274556,116.11645256771786,143444
2022-12-30,114.49754333496094,116.38832694570007,113.81784933782949,114.80649515183886,31172
2023-01-02,114.73235321044922,116.16588666710582,110.79012489048975,116.16588666710582,52780
2023-01-03,113.37296295166016,115.27610163832935,112.7674143669928,114.67056059643103,19152
2023-01-04,113.9908676147461,115.64684486012577,113.55833506260848,113.64483553882071,34756
2023-01-05,113.24938201904297,115.53562548427192,111.96413943229314,113.62012420259362,54844
2023-01-06,111.1608657836914,113.95378724319457,110.71597817620618,113.94143218739686,26920
2023-01-09,111.4203872680664,112.33488772096644,109.99920882055143,111.70462899178496,25564
2023-01-10,113.17522430419922,114.28745080814635,110.97548894939088,111.09906967205167,35404
2023-01-11,117.97016143798828,118.63750039481678,112.63147995443684,113.64483590276059,119100
2023-01-12,118.7734375,119.68793792614588,115.43675776432015,119.1318246368659,123816
2023-01-13,126.03999328613281,127.77012355749898,118.7734401121794,118.88466578958928,864884
2023-01-16,129.87098693847656,133.4177477122768,127.68359905433611,129.51259981881694,851044
2023-01-17,133.29417419433594,136.32190212098192,128.44981554591777,131.61347926032587,492836
2023-01-18,139.7574462890625,141.47522140050216,132.35495777191946,135.19731447477113,679240
2023-01-19,136.42076110839844,141.99424861572004,132.6391940579332,141.99424861572004,459064
2023-01-20,133.4918975830078,138.03967444958175,132.23138017999327,134.2333819578489,142104
2023-01-23,131.6876220703125,135.2220279097178,131.1191537328761,132.2437353519317,127208
2023-01-24,130.39002990722656,133.9615161501075,129.26544824078638,130.36531979455094,65028
2023-01-25,128.91940307617188,135.93879411563026,128.0172728574542,131.7246945151532,110464
2023-01-27,131.57640075683594,133.7637887883429,124.07505627708805,129.26544707752402,276752
2023-01-30,135.98825073242188,136.87802603549267,130.01929489390787,133.46720059300168,443420
2023-01-31,144.24342346191406,146.67797291854365,134.93780345132956,135.4939167418818,412448
2023-02-01,140.23941040039062,146.07241448785655,134.95014942532939,145.8005429316542,379080
2023-02-02,143.081787109375,145.94885424923388,138.68230068762182,139.88104291948542,208540
2023-02-03,144.86131286621094,146.86332956655795,138.249744395666,143.0570373848145,298008
2023-02-06,141.8706817626953,145.56574870376176,140.3135675409442,144.86132947295476,94772
2023-02-07,141.62351989746094,144.20636023207035,139.44850201561988,139.44850201561988,85188
2023-02-08,144.7377471923828,145.6275375135416,141.40106743049915,141.53701830404378,211800
2023-02-09,148.33395385742188,149.9528583771667,142.14254731599078,146.31958195674136,1166812
2023-02-10,141.01795959472656,149.28551295687978,138.9047322545802,149.28551295687978,489272
2023-02-13,140.80787658691406,142.98289426037059,136.54434171052444,140.88202200243947,276892
2023-02-14,137.45884704589844,141.71001193584445,136.21066964957285,140.88202710898048,157740
2023-02-15,137.99024963378906,141.37636488682259,132.2313902350526,138.41042716192422,310592
2023-02-16,143.55136108398438,146.66560427386338,140.05403576541948,140.05403576541948,379580
2023-02-17,144.62652587890625,145.8005427451154,141.63586333681943,141.63586333681943,145888
2023-02-20,143.2794952392578,146.54202938855852,141.89538207124718,144.46586717931143,123800
2023-02-21,140.30120849609375,144.72538956908613,138.43512740874797,143.4525171041955,58392
2023-02-22,142.7975311279297,145.28150074229882,139.91809413284838,140.25177114959348,153588
2023-02-23,145.39273071289062,146.5173123532307,141.0179697975795,142.7975353495496,91108
2023-02-24,142.85931396484375,146.9251227167638,141.49992602919212,146.31957416468424,175432
2023-02-27,140.17762756347656,145.6893250843263,137.17460980118133,142.38971055400194,143424
2023-02-28,141.04269409179688,142.735744069488,139.868677149234,140.1281936667981,57076
2023-03-01,139.74510192871094,141.8459744350838,138.7811661562772,141.12920013398804,29460
2023-03-02,140.61016845703125,141.25278225459502,139.13955467104356,139.89339414890776,35584
2023-03-03,144.0951385498047,145.57810738565172,139.26313477677755,140.6472329893525,113344
2023-03-06,143.82325744628906,148.02500220312916,141.6235144511399,144.83661338284114,843740
2023-03-08,144.4658660888672,145.3309311552676,143.23005885115234,144.97254403922275,102788
2023-03-09,145.67697143554688,147.0610695856672,143.9344710636221,144.35464856526028,159056
2023-03-10,143.60079956054688,151.94249833019998,142.14254100067404,143.60079956054688,1189416
2023-03-13,137.45884704589844,144.07041586197778,136.38368568242828,142.77281824386876,317932
2023-03-14,138.31155395507812,141.37636224781278,136.30955206235794,137.4588589435182,112264
2023-03-15,139.81924438476562,140.5112934727126,137.91609807875747,138.435131123333,57488
2023-03-16,138.9541778564453,140.72137326990565,137.31054808924947,139.806887922994,62732
2023-03-17,146.20834350585938,148.79118351251114,139.91808198311512,139.93045212326484,1870408
2023-03-20,143.66259765625,149.77984375,141.51228995164234,146.93748697916666,231476
2023-03-21,142.2167205810547,143.77383487650343,141.3763655210147,143.34130228968215,92136
2023-03-22,148.02499389648438,149.74275385283795,141.99424866734648,142.26612021978795,525624
2023-03-23,152.1773223876953,154.97024402364522,147.30823833826562,149.77985307548485,1181756
2023-03-24,150.21237182617188,154.83429397639242,147.80254767922793,152.94350284226743,369792
2023-03-27,144.58944702148438,150.3606607957337,142.11783254248465,149.1619338076339,271820
2023-03-28,140.05404663085938,146.43080924931763,138.91709486931924,144.58945336457563,225436
2023-03-29,143.36599731445312,145.31857882081604,139.73272095043762,140.0540429066897,199132
2023-03-31,142.9087677001953,146.31959303422306,141.40107365307995,145.31859207871503,121220
2023-04-03,145.10848999023438,146.19600646987237,142.2414230319722,142.90876200422557,61532
2023-04-05,145.541015625,147.4318067754468,144.39172391939763,146.56674168958918,41924
2023-04-06,143.39073181152344,148.9024295353171,142.6368772650767,144.9972813548355,184552
2023-04-10,142.9087677001953,145.94885082214313,141.8706864892636,144.56475259792697,62424
2023-04-11,140.84495544433594,144.05805450412564,140.25177697692874,142.9087627379087,72520
2023-04-12,146.73976135253906,147.15993885031074,139.69565976493624,141.54937070904225,227800
2023-04-13,144.86131286621094,148.16092711685184,143.98389277788155,147.41944280239818,89348
2023-04-17,147.25880432128906,148.2721754237832,143.87268908441612,145.82527077820438,173876
2023-04-18,147.5306854248047,149.5079771572971,146.30723314821728,148.24744462650995,102160
2023-04-19,144.49058532714844,148.67997514476096,143.55137478426096,147.55539350450601,64556
2023-04-20,145.72637939453125,146.8138957677666,144.02097450511687,145.93647567043706,43940
2023-04-21,144.61416625976562,146.4184570117481,143.94684237674585,146.2083607164498,24052
2023-04-24,144.5276641845703,145.94884258399105,143.39072749924907,145.7758265443452,58368
2023-04-25,145.57809448242188,147.01162787957247,144.58944867948523,145.0961266363827,56388
2023-04-26,146.91278076171875,148.24744362077328,144.96019915491368,146.56674867666462,51332
2023-04-27,154.5747833251953,160.1235460411946,146.69032670642247,147.80255327791178,1249712
2023-04-28,154.6983642578125,158.50464170056745,153.98158998769935,156.15660782435052,303228
2023-05-02,151.2628173828125,156.2060467090482,150.7684944501889,154.4759164448657,160932
2023-05-03,150.96621704101562,152.7457825735432,149.54503864328444,152.59749173147355,102356
2023-05-04,149.58212280273438,152.74578656232197,148.6676223579881,151.95486685104038,131180
2023-05-05,151.0032958984375,152.25145824519058,147.55539053957594,150.59547345820832,140488
2023-05-08,150.6448974609375,153.98157689608541,148.66760594381282,151.00328456552376,149116
2023-05-09,151.0774383544922,152.86935889121213,149.47088890777775,149.47088890777775,108828
2023-05-10,151.3493194580078,155.7117254186343,150.79320615294125,151.95486807396583,144220
2023-05-11,153.3142547607422,156.4161281503925,150.80557492532486,152.74578640449985,243964
2023-05-12,152.70870971679688,154.35233954278112,152.37504776320986,153.2401129167723,55248
2023-05-15,157.7013702392578,163.07713212049902,153.15360831978387,155.6622881463732,711728
2023-05-16,159.04840087890625,164.3623723146428,157.42949631908024,161.14927330698814,448904
2023-05-17,160.54371643066406,162.63223369507153,158.46756930715597,161.6435878975331,197228
2023-05-18,161.17398071289062,167.04406533985545,160.61786743244133,162.59515909626106,383668
2023-05-19,161.3346405029297,163.59617386093169,158.4552035045488,163.1265610600285,208160
2023-05-22,163.0029754638672,165.7093963450071,160.40778025178136,162.6198782353811,247836
2023-05-23,165.79591369628906,169.79993259109074,162.26150763617332,164.3500251080042,563920
2023-05-24,170.70205688476562,174.74314044934385,168.3292979772711,173.50733323258754,862796
2023-05-25,165.0667724609375,172.64227712639692,164.41180365344152,171.4064698456067,307992
2023-05-26,167.93385314941406,168.56411184080216,164.77018955132772,166.31494864077789,145880
2023-05-29,166.6239013671875,170.23245258560357,166.0430628950644,169.30559712687977,121056
2023-05-30,166.09249877929688,167.72375835809257,165.69704648308522,167.72375835809257,89104
2023-05-31,172.81529235839844,175.07681062039487,165.21507761691575,166.092497765085,425648
2023-06-01,172.4816131591797,175.7935826485664,171.30759626275693,173.00066125944718,249360
2023-06-02,171.57949829101562,173.97696760624635,170.78857855700127,173.42085428967144,127284
2023-06-05,169.4415283203125,174.99030586666672,168.119220602569,171.80191714081326,339732
2023-06-06,175.2374725341797,177.70908709742622,168.56411321341403,170.4796144999301,384012
2023-06-07,172.41983032226562,176.76988111652747,171.90079728488038,176.67101049724528,176204
2023-06-08,171.0357208251953,174.2488196268247,169.1943650333079,173.0130123954288,186664
2023-06-09,169.31796264648438,172.40748103316403,168.0698002353736,171.03573788658608,138876
2023-06-12,169.37974548339844,172.98831184992264,168.6876964126593,171.2087463212089,225812
2023-06-13,169.7010498046875,171.77721207112933,169.0460809970341,170.36838875358222,156756
2023-06-14,174.02638244628906,174.37241453344123,168.27987835287658,169.92350813854122,324424
2023-06-15,193.181396484375,196.24620470798473,172.91415619967128,173.6432855440946,2896736
2023-06-16,194.31834411621094,201.9309141159595,192.05681070848146,196.8393940414983,1407012
2023-06-19,191.69842529296875,197.22249306033441,191.03110140912602,195.25755640597666,245672
2023-06-20,191.99502563476562,195.5294316157549,190.80865360356108,193.52742975594344,340496
2023-06-21,192.68707275390625,194.76323510138522,191.7972975110088,192.0444589768735,278924
2023-06-22,194.0835418701172,198.9526257848261,192.42755702489129,192.79829922521625,571052
2023-06-23,188.386474609375,194.8868182242229,187.81800624802275,194.50372096454242,373548
2023-06-26,189.82000732421875,192.29162200291952,188.58419998486838,188.81900639645272,128888
2023-06-27,182.86239624023438,191.99501500923887,181.83668525446998,191.302965953131,566924
2023-06-28,185.81597900390625,190.3019654500414,178.27755462023916,184.1229290699864,408232
2023-06-30,186.06314086914062,188.83135219061325,185.3834468658367,186.59454403321163,174144
2023-07-03,194.3059844970703,195.57885694302368,187.2865931186522,188.8313522172884,389284
2023-07-04,192.62527465820312,197.48200330178003,191.84672512329243,197.48200330178003,290136
2023-07-05,195.76422119140625,197.22247976375678,186.9034893455945,193.92286539309373,435100
2023-07-06,193.05780029296875,198.47064201860013,192.1803801728832,194.6890748951291,590664
2023-07-07,193.65582275390625,201.52962508918975,192.5345525677184,200.80703787189992,529306
2023-07-10,186.0810089111328,195.37508962128507,185.38333274352297,194.5029906097228,168840
2023-07-11,185.8567657470703,188.19896541802058,184.58598376481646,184.58598376481646,70264
2023-07-12,185.5328369140625,187.80030356151275,183.5145566311347,186.33018765593292,106960
2023-07-13,181.3966064453125,187.27703980174283,180.15075063181447,185.88168737390538,80740
2023-07-14,190.1425018310547,192.4847167655925,180.79858354146282,181.39660039527683,148224
2023-07-17,192.78372192382812,195.35018172888132,190.39166975732994,190.9896866010045,83298
2023-07-18,182.59262084960938,194.05449407422384,181.84510737843885,194.05449407422384,139184
2023-07-19,177.68394470214844,185.3335022089584,175.54107885056015,183.78863800497132,323998
2023-07-20,172.2270965576172,180.2254841402269,171.00615187736355,175.91482642112263,341620
2023-07-21,169.51113891601562,173.12412077458686,169.06263386486765,172.5759411750945,191616
2023-07-24,165.2752227783203,171.90318457444647,164.45296101488594,170.85666268998443,185564
2023-07-25,166.4463348388672,169.4114777254147,164.05429778673857,164.95130787923665,132706
2023-07-26,161.5625762939453,168.01609981624358,156.18047044393236,167.34333468396702,181074
2023-07-27,162.21041870117188,163.4562744515649,161.13898579747388,161.46290525093605,158574
2023-07-28,163.30677795410156,166.4214173321688,160.4662207580242,163.40643728927967,273448
2023-07-31,167.14401245117188,168.7137877303497,160.7403105452424,163.90478734472202,226072
2023-08-01,169.56097412109375,170.9314154990012,167.36827095808198,167.94136158356676,137306
2023-08-02,170.5078125,173.37328068461034,167.01941644917,170.53273873956869,167104
2023-08-03,171.47958374023438,176.31349479193872,169.93471961121972,169.93471961121972,230742
2023-08-04,168.81346130371094,176.16401054128949,166.9446775992418,172.82511090602435,118758
2023-08-07,170.1589813232422,174.4198018274617,167.49284702509675,168.81345105443614,237180
2023-08-08,168.38986206054688,172.17726662564542,167.4430147213223,170.8317363169261,200192
2023-08-09,167.91644287109375,171.42974997776506,166.39648974201046,166.39648974201046,126176
2023-08-10,166.19715881347656,170.73207683323545,165.44964535554487,167.44301457669602,149178
2023-08-11,167.49285888671875,168.61412912073072,165.44965230754565,168.4397062649109,84262
2023-08-14,170.45797729492188,171.47958813282338,159.51937295645487,166.4463278711283,239358
2023-08-16,166.07257080078125,171.37991323259456,164.52770663541304,170.4579769396974,105660
2023-08-17,183.1158905029297,192.5345572545441,166.09748820728763,167.7918642519997,3391000
2023-08-18,175.04273986816406,180.84842485346803,173.8965586156528,180.6241799344292,434108
2023-08-21,176.36334228515625,180.79858584823072,175.06764922416133,176.31350501200248,230772
2023-08-22,175.81515502929688,177.4098564514664,174.94305601584162,176.9115141580634,113550
2023-08-23,176.9613494873047,178.65571022464323,175.74040479858442,175.765331037901,126840
2023-08-24,176.78692626953125,178.8799699576935,175.46632225094777,176.986260142642,92228
2023-08-25,179.0045623779297,181.39659936317497,175.09257223463874,175.84008569355294,165954
2023-08-28,176.41317749023438,180.499590509729,175.91483518093992,179.07931188659975,90006
2023-08-29,173.2985382080078,179.22880865213423,172.00284516107422,177.21052838101485,95966
2023-08-30,180.97300720214844,185.68234812448628,173.8217919974948,174.09588939347134,761474
2023-08-31,178.15737915039062,184.3368208680927,176.93643438482096,182.34345159088554,170830
2023-09-01,174.86831665039062,179.40323479376195,173.57262357968443,178.15737899658305,240132
2023-09-04,179.154052734375,182.36836657881406,175.3168110292462,176.46300741783517,245732
2023-09-05,176.91151428222656,181.3965949260013,175.66565854784469,179.15405460411392,119386
2023-09-06,177.9829559326172,181.8949461727675,176.68726286344503,177.40986530823352,94156
2023-09-07,176.31350708007812,180.64909135590003,175.914839306573,177.98295689700728,110580
2023-09-08,173.52279663085938,178.8799764079601,172.15235529253127,176.46301318781414,144788
2023-09-11,190.7903594970703,193.85516171127685,175.11748751194003,177.31019066960485,1875878
2023-09-12,177.65902709960938,192.2604501720617,174.41980220158,192.08604253642,679786
2023-09-13,178.1075439453125,183.66405782841917,174.41981378129108,177.6590388943722,187610
2023-09-14,179.67730712890625,181.42150514927138,178.10753195221758,180.30023499332236,96910
2023-09-15,178.63079833984375,184.78531339986674,177.43476468795623,179.65239394194808,208602
2023-09-18,176.03941345214844,180.89825076611433,175.64074570453883,178.63079943621014,102914
2023-09-20,177.1606903076172,183.38996915106364,174.91814992397644,175.16732107771432,193484
2023-09-21,176.01451110839844,180.1507462247459,175.41649424926845,175.81516201655478,82612
2023-09-22,175.59091186523438,178.65571395844637,174.91814672082197,176.31349907292176,70168
2023-09-25,173.84671020507812,177.13577234741663,172.5759282457975,175.88991662745505,93880
2023-09-26,176.26368713378906,177.1108599647234,173.19886965634166,173.19886965634166,53624
2023-09-27,173.49786376953125,176.71217759640456,173.07426978493714,173.92145775412536,85176
2023-09-28,173.97129821777344,176.01450466881516,171.95300279820054,175.41648783156396,80586
2023-09-29,174.24537658691406,176.38825753337758,172.42643029166217,174.02113168399785,41700
2023-10-03,179.05438232421875,180.17565249932835,173.57261702368302,175.98958022055925,132512
2023-10-04,175.49124145507812,178.0078792459317,174.69389071730075,177.40986239054857,58714
2023-10-05,175.1424102783203,178.9048886214808,174.81847561147046,175.5161670094237,97410
2023-10-06,174.84339904785156,177.33511054858138,173.92146275094152,176.88660552009003,84292
2023-10-09,172.551025390625,175.74041314320874,171.0559984558326,174.41980905911552,56482
2023-10-10,174.29522705078125,175.9148395966427,172.55102892446894,172.55102892446894,54356
2023-10-11,174.66897583007812,176.63743399475274,173.92146238144727,175.8649943062475,48556
2023-10-12,175.1174774169922,176.38825937961695,173.8965479331367,174.41980125361766,59686
2023-10-13,175.74041748046875,176.86168770923592,173.9713083139164,175.41649801157618,42264
2023-10-16,175.3666534423828,176.86168035188,174.41980610800795,174.41980610800795,56522
2023-10-17,176.3882598876953,180.25041264086445,175.66565748285473,176.41317091895198,86016
2023-10-18,176.51284790039062,178.40654254806776,176.16400220877642,176.66234450639672,64184
2023-10-19,191.81195068359375,200.4581927409075,174.2952216560159,174.2952216560159,6040928
2023-10-20,193.45648193359375,198.0910591202982,191.86178053160958,193.35680739289484,900308
2023-10-23,181.24710083007812,196.69571215026164,178.92979696549054,195.32527082347116,449586
2023-10-25,180.74876403808594,188.49798096610218,177.9580440277474,183.88831454459142,271090
2023-10-26,178.0576934814453,181.29691835457913,172.0028377217659,181.29691835457913,275328
2023-10-27,182.26869201660156,187.0029437572925,180.39990843474988,180.39990843474988,155922
2023-10-30,181.79527282714844,186.80362228389401,179.87666705564666,184.13748782182952,78962
2023-10-31,184.18731689453125,188.27371462457256,181.29692243317515,182.96637217775668,165722
2023-11-01,185.4082489013672,189.86841862424572,184.3866532571415,184.41156428916642,115150
2023-11-02,186.4796905517578,189.3451587123504,182.91653102028724,186.62918715511753,101320
2023-11-03,185.33349609375,188.8717294227287,184.33681150576726,186.8036119443045,134980
2023-11-06,190.7654266357422,191.81194850891288,184.28697672626652,184.8102452669519,183030
2023-11-07,191.68736267089844,194.07941483603733,188.0245437239233,191.96146006084356,117982
2023-11-08,190.1923370361328,194.3036610388621,188.4232279424809,192.83356036886687,129714
2023-11-09,191.81195068359375,193.03289541750212,188.87173411759835,190.11758988354558,124362
2023-11-10,190.3916778564453,193.6059919135804,189.34517114779734,192.3601361097607,115056
2023-11-13,203.024658203125,212.7921707204583,200.63262114950084,205.3170359176319,1056552
2023-11-15,209.97653198242188,216.18088451719737,205.29211738541625,208.30708222913685,1044586
2023-11-16,209.10443115234375,215.28387260205915,208.30708043439984,213.7888457089893,441854
2023-11-17,212.34365844726562,217.77558651081526,204.3203443236482,209.2539300839694,593738
2023-11-20,209.72735595703125,217.9001664779728,208.0579062425469,212.31872674219818,579906
2023-11-21,209.602783203125,213.29051333598554,208.4565867401841,210.64930511860993,302672
2023-11-22,208.23233032226562,212.04464582483237,206.9366373178887,210.25061052709512,227126
2023-11-23,207.4100799560547,210.25062205908912,204.9183683525855,208.78052133796274,153440
2023-11-24,205.3668670654297,209.22901993168634,204.46984179092735,207.70906677552972,106256
2023-11-28,202.55123901367188,211.870231133181,201.4299688104651,209.2290229600186,203900
2023-11-29,198.88841247558594,204.94326830295734,195.94819598412573,204.29542940436775,321520
2023-11-30,197.29371643066406,207.80874215698617,195.8485267810445,199.33692293236084,406052
2023-12-01,197.24388122558594,201.20570869367026,195.84852883371497,199.31201398924532,153374
2023-12-04,198.14089965820312,205.9150425067304,197.09437779640524,198.39007080585975,358338
2023-12-05,198.2156524658203,201.30538085026467,196.37177984797444,200.08443611571803,175584
2023-12-06,197.81698608398438,199.93494090197905,196.89504976862895,198.68908512668807,166310
2023-12-07,197.74221801757812,198.83857715786894,196.44654020767084,197.81698152893435,109042
2023-12-08,196.89505004882812,202.25222989020315,194.35350122197755,197.19405847696356,205186
2023-12-11,194.7272491455078,198.14089686186747,193.75547560008144,197.36845719011328,213406
2023-12-12,192.5843963623047,196.47146038945624,191.66246002524161,196.09770364806857,142978
2023-12-13,192.75880432128906,195.35019048239707,189.61925377181655,193.60599235308996,173414
2023-12-14,191.2886962890625,194.8269296864579,190.49134556161843,193.0079681116573,122326
2023-12-15,191.61260986328125,194.47807802118467,190.3667541424537,192.01127761066618,141848
2023-12-18,200.65753173828125,206.41339464864333,195.35018908165696,195.84853140074284,897660
2023-12-19,199.11265563964844,203.14923122528967,196.52128485977732,200.6575197783753,248622
2023-12-20,194.40333557128906,211.69580437197476,192.45980362993595,201.1060304261787,1219374
2023-12-21,202.55123901367188,207.11106813173922,193.18239441306858,194.3036646162753,558486
2023-12-22,207.85858154296875,213.63935540842905,203.47316006894349,206.31371733289396,833702
2023-12-26,211.22238159179688,215.93170708360228,208.68083288398776,210.7987876057954,448512
2023-12-27,210.47486877441406,213.78884195420883,205.86520260174174,211.2472932389874,263244
2023-12-28,210.54962158203125,223.68094421819558,207.4598932412161,207.4598932412161,2560000
2023-12-29,209.80210876464844,215.2838740767889,208.40675640483818,212.7921625712705,426678
2024-01-01,209.92669677734375,211.74564315585158,206.28880402032806,210.69912126974288,264340
2024-01-02,206.2389678955078,210.44995128723656,204.3203469616667,209.10443617606776,180670
2024-01-03,206.53797912597656,209.22902459303606,205.31703436745298,206.46321561195222,131498
2024-01-04,204.1210174560547,207.75891031131255,203.39841500827026,207.31040526463977,171740
2024-01-05,202.1276397705078,206.63763149885563,200.85685778153794,204.34525387892964,153214
2024-01-08,205.93995666503906,208.80542490659738,200.956533636242,204.1957586049601,264194
2024-01-09,205.96487426757812,208.78052053523314,205.01802690354046,205.01802690354046,146598
2024-01-10,204.1459197998047,207.80873874010115,203.32365804786875,207.18581086618,172978
2024-01-11,202.72564697265625,206.76222275213578,201.92831143791503,204.8186907718532,132588
2024-01-12,203.87184143066406,205.54129120562908,202.70073396415427,204.1459236170343,75978
2024-01-15,203.87184143066406,203.87184143066406,203.87184143066406,203.87184143066406,0
2024-01-16,212.094482421875,221.21414027811176,208.70574571287239,208.73067195238113,1356384
2024-01-17,208.60609436035156,212.31873545120868,207.28549027825875,209.30377055389113,237478
2024-01-18,206.13929748535156,211.79548585512262,204.3452620929386,208.50642350373232,228038
2024-01-19,204.7688446044922,211.79547395864242,203.19906942737987,206.3884570524112,258084
2024-01-23,200.43328857421875,206.4632185213835,198.04123629674604,204.91836948525417,224792
2024-01-24,198.913330078125,202.7754829822417,196.67078968218627,200.00968924386407,150264
2024-01-25,198.8136749267578,201.38013483672543,197.8419013181115,200.28377564790398,137296
2024-01-29,216.4051513671875,222.7590159151015,203.4233400800239,203.4233400800239,2254950
2024-01-30,217.052978515625,223.20750884413553,214.56126706345069,221.26397695307952,1076540
2024-01-31,215.0845489501953,220.8653229198689,213.1410169384449,219.09619855404168,302422
2024-02-01,222.4600067138672,226.1477368088551,212.0695663886197,215.08454652389133,1538676
2024-02-02,221.6377410888672,229.73580357946662,218.77227282296278,219.61946082833637,986158
2024-02-05,209.85194396972656,225.37530345458833,205.44161160675299,223.8055282632113,698196
2024-02-06,217.35198974609375,222.03640429520166,206.06453976321885,211.82038720899612,1509644
2024-02-07,222.5845947265625,226.54642226345794,217.25234101454177,224.25404454425433,806160
2024-02-08,219.09619140625,224.67763130692205,218.17425510013004,222.88359596683458,321488
2024-02-09,216.52972412109375,220.24238024971802,209.00475253117182,219.27060670490505,304612
2024-02-12,210.3751983642578,217.60116169574073,207.43498184343235,214.4117740255538,289492
2024-02-13,208.55625915527344,210.37520556624204,202.67582591231178,210.37520556624204,270176
2024-02-14,217.35198974609375,219.27061063075283,204.79377298943427,206.3137109116629,462156
2024-02-15,199.4116668701172,202.27713507452205,192.60929756564826,198.340233974458,1432414
2024-02-16,202.1276397705078,208.70574900066927,199.98475875719,199.98475875719,398232
2024-02-19,200.6326141357422,205.36686601203124,199.83526340967452,202.85022825813644,197074
2024-02-20,200.40835571289062,203.02465282456856,199.86017613356566,202.65089609432886,106470
2024-02-21,199.63592529296875,202.65089007743853,199.4365914177327,201.42996058649285,122752
2024-02-22,196.67079162597656,201.67914101799317,196.1475382783661,200.0096912206543,179916
2024-02-23,195.97311401367188,198.6641594543556,194.42824980625332,196.8452130588694,213140
2024-02-26,193.15748596191406,197.86681175339353,192.38504624224024,197.86681175339353,177220
2024-02-27,188.09930419921875,195.25050392287937,186.87835950053534,191.86178242054962,226584
2024-02-28,185.4082489013672,192.858472460848,184.3866532571415,189.86841862424572,217914
2024-02-29,189.89332580566406,193.3568108461102,182.51786590821612,185.13416296219054,176934
2024-03-01,200.08444213867188,204.64427134004256,189.37008222340054,193.85516311816528,471058
2024-03-04,195.8236083984375,199.61099762542702,194.9016721228415,199.58608659427566,158698
2024-03-05,192.38504028320312,198.09106574453327,190.3916710681638,195.59935422573412,133498
2024-03-06,187.35179138183594,195.20068250685856,185.3833332386297,192.38503638116356,143824
2024-03-07,184.66073608398438,189.9930048610703,183.29029473744552,188.87173466844757,191684
2024-03-11,175.39158630371094,187.37671306402024,174.419812692572,186.85345970922282,489600
2024-03-12,171.47958374023438,176.08924988804606,169.4363773249698,176.08924988804606,314840
2024-03-13,165.25030517578125,175.21715090160401,148.60567585529716,172.25200821489187,603180
2024-03-14,178.80520629882812,180.64907884201267,161.9363320686923,161.9363320686923,499374
2024-03-15,178.3816375732422,179.62749335959478,172.57593744227879,178.45638587878324,135412
2024-03-18,178.20721435546875,181.57102497171132,174.41980973109628,178.38163720683994,187880
2024-03-19,177.18560791015625,181.27202106627072,176.41318338820574,178.1573815290496,79186
2024-03-20,171.08090209960938,179.40322442714867,168.31510847297073,178.38162881577398,197844
2024-03-21,174.94305419921875,182.21885464898995,172.4264317269464,172.4264317269464,245366
2024-03-22,178.87997436523438,180.8982545935351,173.9214624053547,174.32013016139928,146894
2024-03-26,177.23544311523438,182.71720863674602,176.1141728949252,181.8949468501594,193376
2024-03-27,179.30355834960938,180.64908867960662,176.886610295215,177.4098636412137,299668
2024-03-28,175.6407470703125,181.9447740286327,174.4198023704395,180.67399205787103,241026
2024-04-01,183.41488647460938,188.8468299789801,174.41981359940604,174.41981359940604,192228
2024-04-02,200.0345916748047,203.49807666510821,181.7952608638028,183.88830455996032,715722
2024-04-03,201.75389099121094,205.31703553222962,197.51798127756055,200.0096928738255,365044
2024-04-04,198.76382446289062,203.97149224370497,197.34354590150502,202.80040003433407,111648
2024-04-05,199.9349365234375,202.6758191690528,198.34023508270857,198.76382907867094,90170
2024-04-08,197.11929321289062,201.82863409164239,196.37177975329195,199.48641916828643,64508
2024-04-09,196.62095642089844,199.8352704706011,194.3535049464699,197.3186478359848,96508
2024-04-10,195.47476196289062,197.91663612614084,194.353491817788,197.0943743947055,75368
2024-04-12,191.61260986328125,197.1940495758687,190.21725753923425,194.8019974669599,85590
2024-04-15,186.0810089111328,190.5162522711524,183.36505254290165,187.87504420512946,148436
2024-04-16,188.54782104492188,192.7338935186182,184.08765116851515,185.13417308898946,101000
2024-04-18,197.5927276611328,205.11769965027128,186.87836790144968,186.87836790144968,433518
2024-04-19,214.61111450195312,217.127752312802,193.55615173354067,196.8701250803016,1220316
2024-04-22,216.3054656982422,221.2141403146961,213.01641873853077,215.83204964589575,891626
2024-04-23,213.19082641601562,220.1676185034166,211.92005965480467,217.72574431446623,236518
2024-04-24,212.61773681640625,215.38354567462554,209.30376360102994,214.187512001774,156808
2024-04-25,209.92669677734375,214.3868665072879,208.30708427995177,212.29382273507048,160790
2024-04-26,208.53134155273438,211.27222420318725,206.76221726252203,209.9266939096849,100258
2024-04-29,210.82369995117188,221.46331089692612,208.40675200836617,211.7954735011039,416814
2024-04-30,207.5595703125,213.5895152527745,206.81205685399158,211.94497651913585,143398
2024-05-02,206.7373046875,208.65592557013449,205.66587179196125,205.81536839758994,126256
2024-05-03,209.17918395996094,216.15597627786315,207.43498588048539,207.75890533931934,272634
2024-05-06,205.74063110351562,211.64599067303087,204.24560413443334,209.9267035753059,113874
2024-05-07,204.09608459472656,207.31039853998476,198.8385793688796,206.6625596278274,307294
2024-05-08,203.04957580566406,205.79045845009432,201.85354212153445,202.32697338885242,78062
2024-05-09,194.7023468017578,203.47315930027352,194.10432994585884,201.85354679109756,208746
2024-05-10,197.3186492919922,197.7920653749219,194.27875807362986,195.7488588046652,59438
2024-05-13,194.52792358398438,198.78874424756484,193.08273392785884,198.66415867017125,65372
2024-05-14,197.36846923828125,199.2372529334103,194.7272610324458,195.35018893082216,72604
2024-05-15,208.73068237304688,213.98818773048848,198.8385843457832,198.8385843457832,388084
2024-05-16,226.920166015625,235.71590443987026,211.27222106696493,211.27222106696493,5105464
2024-05-17,219.494873046875,231.7291704803534,216.95332426448272,230.73248587613682,832284
2024-05-21,227.8171844482422,230.23414769840448,221.8620029562881,225.7490668990849,464550
2024-05-22,226.34707641601562,235.21756318153066,224.9267978339787,231.23082482252167,804010
2024-05-23,225.0513916015625,228.31552766856464,221.8121665669312,227.56801419903434,226000
2024-05-24,222.60951232910156,229.0879622534259,221.81216160446778,223.25735123825396,230200
2024-05-27,219.34536743164062,224.97664472956578,217.67591763074688,222.26067302302218,199592
2024-05-28,213.58950805664062,221.8619930937286,211.34696775666978,220.51646283046617,223964
2024-05-29,213.8636016845703,216.8038183047842,210.79879948546431,213.48984494789394,133064
2024-05-30,210.30044555664062,216.23071574278273,209.30376098054282,214.78552614908082,133768
2024-05-31,210.87355041503906,214.6609551021259,209.3286861759141,214.28719836079893,278890
2024-06-03,211.92005920410156,221.76231944932437,208.43166316782003,221.76231944932437,342044
2024-06-04,192.21063232421875,213.04133450350346,179.97631966231384,213.04133450350346,673580
2024-06-05,204.42001342773438,206.81205033629595,191.8617816372866,197.3435468269234,268322
2024-06-06,211.12271118164062,214.28718781071797,205.39177476344702,205.64094591206413,127294
2024-06-07,215.7323760986328,220.8653108533629,208.6808356779608,211.32204375370935,344664
2024-06-10,218.07460021972656,221.88691589018052,215.80713356016204,215.80713356016204,192914
2024-06-11,219.9932098388672,225.20087764054352,219.19585913382494,219.22077016502638,187356
2024-06-12,235.6909942626953,238.70595906108457,221.66264650621986,221.76232104839798,1561754
2024-06-13,238.6561279296875,243.19104596785937,234.5448038943702,239.20430750936987,753082
2024-06-14,231.70425415039062,238.65611998092015,230.25904934076246,238.65611998092015,282368
2024-06-18,248.0000457763672,256.5964657712863,239.20430710869783,239.20430710869783,4038908
2024-06-19,243.1910400390625,252.0117047467101,238.85545598787303,248.37379686710747,508382
2024-06-20,248.6479034423828,251.16452604266502,241.4219398955204,243.19104902543756,465620
2024-06-21,255.2260284423828,261.38054385759807,249.12131988383803,251.0897781086578,975390
2024-06-24,263.4985046386719,273.54011466522167,252.0366311508431,254.77751394141086,1686404
2024-06-25,261.9287109375,269.80254391796535,259.81075607982825,264.02175476247936,368588
2024-06-26,267.0865783691406,268.95536211029554,256.89547161742877,262.35232622488155,305084
2024-06-27,261.9536437988281,269.45368937742506,259.16290865154537,269.079932650089,351416
2024-06-28,262.65130615234375,266.1147912604556,253.15789131144467,263.32408651492113,675086
2024-07-01,315.1766052246094,315.1766052246094,269.1546738896208,269.1546738896208,6470214
2024-07-02,322.8510437011719,335.857795852606,314.72807037464395,323.9972553129763,4736278
2024-07-03,345.17681884765625,372.062362579857,318.1417480868832,324.17167797019096,4847574
2024-07-04,352.0539245605469,360.79982585822233,347.2449091902135,347.2449091902135,1315654
2024-07-05,343.45751953125,356.8130870991679,331.89597207827626,353.3246909962431,942056
2024-07-08,333.2165832519531,352.3279978424783,329.60360166163065,346.3478903826342,497622
2024-07-09,324.4706726074219,338.05050083671233,321.4307966199027,336.8295864849982,326184
2024-07-10,325.4175109863281,331.3976183857706,312.06194387751975,324.42082641975435,450222
2024-07-11,331.2979736328125,344.3047266458757,326.41422490078344,327.41090955696905,574046
2024-07-12,322.52716064453125,337.4525194458423,321.43080144005995,331.9209013572653,225406
2024-07-15,316.19818115234375,328.6069162671988,312.23635388677684,323.87266453993755,267396
2024-07-16,314.0304260253906,323.32449207050684,310.4672662604953,316.44737411784035,192660
2024-07-18,332.9923400878906,336.33123967286326,316.4473691902538,325.9158731502772,1128860
2024-07-19,324.22149658203125,345.84956512684073,320.43410717083367,339.37111505962326,678678
2024-07-22,333.46575927734375,336.3312274771301,312.2363592343044,324.44574547687216,650718
2024-07-23,320.90753173828125,335.8328897795818,305.5087424263845,335.0853763259247,555924
2024-07-24,338.02557373046875,343.8063626213812,321.43078133549744,323.12515731064764,1017840
2024-07-25,344.0306091308594,357.8097864728725,328.9059318552867,333.8893550652153,1617968
2024-07-26,342.3860778808594,354.81972459423235,338.8727706798848,350.9824827253123,539186
2024-07-29,332.9923400878906,341.93759070182443,331.4225496332211,341.93759070182443,338102
2024-07-30,337.5521545410156,338.8727738409267,331.2979645776729,332.9923406134379,196044
2024-07-31,342.13690185546875,347.4940816098079,334.36277409945296,338.8727658558724,359362
2024-08-01,326.9374694824219,345.05223087198243,323.92250456170467,341.3644855765657,468166
2024-08-02,335.2099609375,337.3029742686004,319.4374149441351,319.93575724514,662294
2024-08-05,314.8277587890625,329.90261387947663,311.9622904660912,315.32610110610096,659056
2024-08-06,309.8194274902344,328.8810212956325,308.47389713833775,322.9258244679206,343112
2024-08-07,313.90582275390625,320.20983451506805,311.86260110129115,315.6250793328778,290252
2024-08-08,326.06536865234375,331.89597978591706,312.80947531994707,313.9058344896072,377242
2024-08-09,327.5354919433594,335.65846572873903,321.7048806782802,331.3976449483971,374884
2024-08-12,300.4007263183594,313.2330402854168,296.91233028847967,307.4771929193952,1325936
2024-08-13,296.3392639160156,306.10676093013205,295.01864464084355,301.49709460761886,307044
2024-08-14,279.4205322265625,299.00537843047886,276.4304784422577,299.00537843047886,772588
2024-08-16,282.5351867675781,287.2694388471281,277.57667455887446,277.57667455887446,384234
2024-08-19,286.2478332519531,289.53688031095624,281.5634034004996,284.8026283953726,276826
2024-08-20,283.7810363769531,292.02859557835166,282.0617493128789,291.0319109518044,144474
2024-08-21,295.41729736328125,297.0119987418191,283.95542492861375,284.0550994678471,284274
2024-08-22,292.1033630371094,300.375833382621,290.08505230797067,297.48545400987604,265960
2024-08-23,294.4953918457031,296.5136721019404,291.05681776737254,291.5551600734262,123950
2024-08-26,288.689697265625,298.00870464810174,288.04185833880064,293.0501925259442,109478
2024-08-27,286.1730651855469,292.5020184657907,285.55013731183,287.09498627208785,139826
2024-08-28,296.8376159667969,311.1649577098621,293.99705865097843,294.021969683773,1472248
2024-08-29,296.0651550292969,299.0552088976274,291.8541868311855,296.83760994506963,234050
2024-08-30,289.935546875,296.98710265510374,287.74285898352633,296.06515114130195,137984
2024-09-02,281.4388122558594,291.25616159091527,279.3208574934204,286.8209029806596,655604
2024-09-03,284.1796875,286.0733820962467,278.2244911218933,281.5633905085489,261554
2024-09-04,285.84912109375,289.73621523061826,278.57333593534355,278.59824696619035,295756
2024-09-05,287.2195739746094,289.03853554589796,283.4570956727661,285.8491326422797,197744
2024-09-06,282.7843322753906,289.063432823644,280.44211748102987,286.69630699861534,106830
2024-09-09,277.9504089355469,284.2045985172444,275.9819508302224,282.5600750631198,139794
2024-09-10,283.8807067871094,287.4189249932445,279.02186930347847,279.02186930347847,138664
2024-09-11,284.0052795410156,287.5684086182991,282.56007475226625,285.40063185157413,73410
2024-09-12,281.0152282714844,285.8989766088966,280.09327678916713,284.5534463484872,86294
2024-09-13,281.58831787109375,285.32588521851045,279.4952740732602,282.1614236975914,129338
2024-09-16,279.8690185546875,285.4504582990749,279.09659408665345,282.7095756976382,99474
2024-09-17,278.772705078125,286.1232542744882,276.380637616696,279.5700406210005,107776
2024-09-18,285.89898681640625,289.01362622651965,280.11819782139554,284.05511420233904,459522
2024-09-19,282.5849914550781,286.247825562262,274.28761051787336,285.45045964279626,151956
2024-09-20,283.1499938964844,285.25,281.04998779296875,283.5249938964844,71588
2024-09-23,282.04998779296875,287.45001220703125,280.6000061035156,284.17498779296875,97898
2024-09-24,280.3500061035156,286.04998779296875,279.70001220703125,282.70001220703125,83418
2024-09-25,279.1499938964844,282.3500061035156,278.5,280.95001220703125,57642
2024-09-26,278.29998779296875,281.8500061035156,276.5,279.45001220703125,101238
2024-09-27,278.42498779296875,285.0,276.54998779296875,276.54998779296875,100752
2024-09-30,283.8999938964844,289.0,276.3999938964844,278.42498779296875,135960
2024-10-01,281.04998779296875,286.25,278.0249938964844,285.95001220703125,76218
2024-10-03,273.3999938964844,282.25,271.375,279.0,160154
2024-10-04,274.25,276.8500061035156,267.54998779296875,275.0,108150
2024-10-07,257.125,277.2250061035156,248.5,275.0,282654
2024-10-08,261.4750061035156,266.9750061035156,253.375,255.5,206600
2024-10-09,265.04998779296875,269.9750061035156,258.5,263.5,126148
2024-10-10,270.17498779296875,275.0249938964844,263.0249938964844,263.0249938964844,136988
2024-10-11,269.375,273.95001220703125,266.0,271.5,52172
2024-10-14,276.8999938964844,279.7250061035156,265.54998779296875,270.0,126348
2024-10-15,275.07501220703125,278.8500061035156,274.0,278.8500061035156,60330
2024-10-16,275.3500061035156,276.5,272.8999938964844,275.07501220703125,37128
2024-10-17,269.29998779296875,277.7250061035156,267.04998779296875,277.5,71404
2024-10-18,284.9750061035156,286.75,262.0,269.29998779296875,524036
2024-10-21,276.92498779296875,285.3999938964844,275.0,285.0,124956
2024-10-22,264.625,275.0249938964844,263.0,272.57501220703125,164420
2024-10-23,263.32501220703125,270.5,260.2749938964844,263.5,80762
2024-10-24,255.64999389648438,266.75,252.97500610351562,263.5,98636
2024-10-25,254.875,259.4750061035156,247.5,257.75,147822
2024-10-28,255.0749969482422,257.25,250.0500030517578,253.0,97812
2024-10-29,270.04998779296875,274.45001220703125,255.27499389648438,255.5,179404
2024-10-30,266.45001220703125,273.5,265.1000061035156,270.0,135894
2024-10-31,276.4750061035156,283.95001220703125,267.0,267.5,229402
2024-11-01,281.8999938964844,284.4750061035156,278.32501220703125,279.0,66918
2024-11-04,276.57501220703125,286.125,275.5,286.125,126256
2024-11-05,272.8500061035156,280.5,271.8999938964844,277.0,126652
2024-11-06,277.125,280.32501220703125,267.625,276.0,251850
2024-11-07,280.45001220703125,289.9750061035156,277.5249938964844,281.0,293782
2024-11-08,291.3999938964844,295.0,270.04998779296875,283.8999938964844,314263
2024-11-11,272.75,283.95001220703125,271.1000061035156,279.95001220703125,166736
2024-11-12,258.0,276.5,257.0,272.04998779296875,142925
2024-11-13,243.6999969482422,258.0,236.0500030517578,258.0,199662
2024-11-14,249.10000610351562,260.0,246.0500030517578,247.35000610351562,160996
2024-11-18,239.25,252.3000030517578,238.14999389648438,252.3000030517578,103225
2024-11-19,242.39999389648438,247.10000610351562,241.0,241.64999389648438,89762
2024-11-21,234.5500030517578,242.0,233.0,241.0,62316
2024-11-22,241.75,243.8000030517578,233.85000610351562,234.5500030517578,92689
2024-11-25,240.5500030517578,249.4499969482422,239.6999969482422,247.4499969482422,72666
2024-11-26,241.75,245.3000030517578,240.5,241.75,57127
2024-11-27,263.3999938964844,274.3999938964844,245.8000030517578,245.85000610351562,833920
2024-11-28,258.25,268.79998779296875,257.0,267.29998779296875,139800
2024-11-29,257.95001220703125,264.1000061035156,256.0,259.6499938964844,73459
2024-12-02,257.04998779296875,263.0,254.10000610351562,254.10000610351562,103342
2024-12-03,267.75,272.0,257.54998779296875,258.04998779296875,223394
2024-12-04,273.3999938964844,281.70001220703125,267.3999938964844,269.5,309632
2024-12-05,278.79998779296875,284.45001220703125,272.1000061035156,276.0,284919
2024-12-06,282.20001220703125,285.6000061035156,275.95001220703125,279.1000061035156,123753
2024-12-09,304.3500061035156,320.0,297.1000061035156,303.0,2652122
2024-12-10,312.54998779296875,316.70001220703125,307.0,307.0,667620
2024-12-11,316.3500061035156,320.0,307.04998779296875,312.70001220703125,469370
2024-12-12,315.8500061035156,329.0,310.04998779296875,316.3999938964844,576856
2024-12-13,316.8999938964844,323.0,311.29998779296875,315.8999938964844,380349
2024-12-16,322.45001220703125,325.5,312.6000061035156,318.0,377944
2024-12-17,321.8999938964844,327.0,319.0,323.0,245683
2024-12-18,317.45001220703125,325.3999938964844,315.0,321.6000061035156,213743
2024-12-19,315.0,319.0,307.04998779296875,310.04998779296875,123753
2024-12-20,299.8999938964844,317.75,295.1499938964844,315.0,231601
2024-12-23,297.5,312.0,296.1499938964844,310.0,203322
2024-12-24,297.79998779296875,302.0,295.1499938964844,301.6000061035156,155889
2024-12-26,292.5,301.0,290.1499938964844,299.3999938964844,88303
2024-12-27,291.1000061035156,298.0,290.04998779296875,293.04998779296875,65547
2024-12-30,281.95001220703125,293.95001220703125,281.0,291.70001220703125,94974
2024-12-31,286.75,287.79998779296875,280.04998779296875,280.6000061035156,68896
2025-01-01,310.8999938964844,314.0,285.3500061035156,287.5,580705
2025-01-02,304.95001220703125,315.0,303.29998779296875,312.5,140629
2025-01-03,310.6000061035156,312.3999938964844,303.5,304.95001220703125,188470
2025-01-06,302.79998779296875,326.8500061035156,299.5,313.70001220703125,1052618
2025-01-07,312.45001220703125,316.0,306.0,306.0,256130
2025-01-08,304.79998779296875,314.95001220703125,302.54998779296875,313.29998779296875,176295
2025-01-09,291.45001220703125,306.95001220703125,290.1000061035156,304.8500061035156,160894
2025-01-10,280.6499938964844,290.54998779296875,279.0,290.0,136275
2025-01-13,270.5,280.6499938964844,265.0,280.0,226112
2025-01-14,266.6000061035156,275.29998779296875,262.25,270.75,141597
2025-01-15,266.25,273.54998779296875,263.0,268.04998779296875,84872
2025-01-16,272.95001220703125,276.0,268.45001220703125,271.0,70217
2025-01-17,275.70001220703125,277.70001220703125,270.0,274.0,58191
2025-01-20,298.8500061035156,304.6000061035156,275.79998779296875,280.95001220703125,613953
2025-01-21,288.8500061035156,308.0,286.1499938964844,301.5,303572
2025-01-22,279.04998779296875,288.95001220703125,270.70001220703125,287.0,144176
2025-01-23,278.3999938964844,283.1499938964844,275.6000061035156,282.6000061035156,85574
2025-01-24,272.54998779296875,280.79998779296875,268.75,278.70001220703125,123202
2025-01-27,264.29998779296875,270.1000061035156,255.0500030517578,270.1000061035156,104612
2025-01-28,262.04998779296875,267.5,248.75,267.5,107880
2025-01-29,271.54998779296875,273.20001220703125,262.0,262.0,97731
2025-01-30,272.0,279.0,271.0,275.3500061035156,48299
2025-01-31,276.95001220703125,279.8999938964844,272.54998779296875,276.1000061035156,56303
2025-02-01,273.1000061035156,286.0,266.3500061035156,278.1000061035156,104203
2025-02-03,262.6000061035156,271.04998779296875,261.6000061035156,269.0,32540
2025-02-04,270.3999938964844,271.75,263.04998779296875,263.04998779296875,47880
2025-02-05,274.54998779296875,280.0,270.79998779296875,271.20001220703125,45113
2025-02-06,269.8500061035156,276.3999938964844,268.25,275.3999938964844,22841
2025-02-07,264.1000061035156,271.29998779296875,262.79998779296875,271.29998779296875,27765
2025-02-10,251.5500030517578,270.95001220703125,250.0,268.04998779296875,95425
2025-02-11,238.5,252.10000610351562,234.5500030517578,252.10000610351562,110325
2025-02-12,240.10000610351562,243.0,223.5,239.8000030517578,175182
2025-02-13,225.25,238.89999389648438,219.5500030517578,236.1999969482422,349756
2025-02-14,213.8000030517578,228.64999389648438,211.25,228.64999389648438,117119
2025-02-17,217.14999389648438,220.9499969482422,205.75,213.8000030517578,136027
2025-02-18,205.5500030517578,221.0,201.39999389648438,219.9499969482422,138517
2025-02-19,216.75,218.9499969482422,205.60000610351562,206.0,82027
2025-02-20,222.75,225.25,214.8000030517578,218.0,89138
2025-02-21,218.39999389648438,228.5,217.0,223.89999389648438,80878
2025-02-24,216.5,225.5,211.14999389648438,214.0,75455
2025-02-25,211.25,219.3000030517578,208.0500030517578,217.39999389648438,50051
2025-02-27,204.5,210.35000610351562,203.0,208.0,77007
2025-02-28,195.85000610351562,205.60000610351562,194.0,204.0,122774
2025-03-03,188.9199981689453,202.0,186.0,196.10000610351562,137574
2025-03-04,192.19000244140625,196.77000427246094,186.61000061035156,188.0,71257
2025-03-05,212.83999633789062,216.86000061035156,195.0500030517578,195.0500030517578,327871
2025-03-06,213.13999938964844,220.0,211.75,215.89999389648438,145583
2025-03-07,227.6300048828125,231.3800048828125,211.75,211.75,266177
2025-03-10,216.8300018310547,237.58999633789062,215.30999755859375,228.35000610351562,145551
2025-03-11,214.6999969482422,225.0500030517578,212.0,215.0,162801
2025-03-12,221.0500030517578,225.0,215.8000030517578,215.8000030517578,88130
2025-03-13,216.94000244140625,223.41000366210938,213.6999969482422,222.7899932861328,79801
2025-03-17,213.0399932861328,219.19000244140625,212.75,216.0,74443
2025-03-18,213.0399932861328,213.0399932861328,213.0399932861328,213.0399932861328,0
2025-03-19,229.7100067138672,239.99000549316406,217.10000610351562,217.10000610351562,342554
2025-03-20,228.11000061035156,232.99000549316406,222.52000427246094,231.36000061035156,99142
2025-03-21,229.75,234.5,226.00999450683594,229.2899932861328,127722
2025-03-24,232.8000030517578,240.83999633789062,228.5,229.72000122070312,328572
2025-03-25,220.88999938964844,234.9499969482422,220.0,233.97000122070312,159980
2025-03-26,212.3699951171875,226.25999450683594,211.0500030517578,222.39999389648438,109352
2025-03-27,211.9600067138672,217.39999389648438,209.92999267578125,213.5,203156
2025-03-28,205.0,220.25999450683594,203.10000610351562,214.3000030517578,286888
2025-04-01,216.02000427246094,220.0,205.50999450683594,205.9499969482422,405173
